,Player
0,a.j. bramlett
1,a.j. guyton
2,a.j. hammons
3,a.j. price
4,aaron gordon
5,aaron gray
6,aaron harrison
7,aaron henry
8,aaron holiday
9,aaron jackson
10,aaron miles
11,aaron nesmith
12,aaron wiggins
13,aaron williams
14,abdel nader
15,adam harrington
16,adam keefe
17,adam mokoka
18,adam morrison
19,ade murkey
20,admiral schofield
21,adonal foyle
22,adonis jordan
23,adrian caldwell
24,adrian griffin
25,ahmad caver
26,al harrington
27,al jefferson
28,al-farouq aminu
29,alan anderson
30,alan williams
31,alando tucker
32,alec burks
33,alec peters
34,aleksandar radojevic
35,aleksej pokusevski
36,alen smailagic
37,alex abrines
38,alex caruso
39,alex garcia
40,alex kirk
41,alex len
42,alex poythress
43,alex scales
44,alex stepheson
45,alexander johnson
46,alexey shved
47,alfonzo mckinnie
48,alize johnson
49,allan houston
50,allan ray
51,allen crabbe
52,allen iverson
53,allonzo trier
54,alonzo gee
55,alonzo mourning
56,alperen sengun
57,alton ford
58,alton lister
59,alvin jones
60,alvin sims
61,alvin williams
62,amar'e stoudemire
63,amida brimah
64,amir coffey
65,amir johnson
66,anderson varejao
67,andrae patterson
68,andray blatche
69,andre barrett
70,andre dawkins
71,andre drummond
72,andre emmett
73,andre iguodala
74,andre ingram
75,andre miller
76,andre owens
77,andre roberson
78,andrea bargnani
79,andreas glyniadakis
80,andrei kirilenko
81,andres nocioni
82,andrew bogut
83,andrew bynum
84,andrew declercq
85,andrew gaze
86,andrew goudelock
87,andrew harrison
88,andrew nicholson
89,andrew white
90,andrew wiggins
91,andris biedrins
92,andy panko
93,andy rautins
94,anfernee hardaway
95,anfernee simons
96,angel delgado
97,ansu sesay
98,ante zizic
99,anthony bennett
100,anthony brown
101,anthony carter
102,anthony davis
103,anthony edwards
104,anthony gill
105,anthony goldwire
106,anthony grundy
107,anthony johnson
108,anthony lamb
109,anthony morrow
110,anthony peeler
111,anthony randolph
112,anthony roberson
113,antoine walker
114,antoine wright
115,antonio anderson
116,antonio blakeney
117,antonio burks
118,antonio daniels
119,antonio davis
120,antonio harvey
121,antonio lang
122,antonio mcdyess
123,antonis fotsis
124,antonius cleveland
125,anzejs pasecniks
126,arinze onuaku
127,armen gilliam
128,armon johnson
129,armoni brooks
130,arnett moultrie
131,arnoldas kulboka
132,aron baynes
133,arron afflalo
134,art long
135,arvydas macijauskas
136,ashton hagans
137,austin daye
138,austin reaves
139,austin rivers
140,avery bradley
141,avery johnson
142,awvee storey
143,axel toupane
144,ayo dosunmu
145,b.j. armstrong
146,b.j. johnson
147,bam adebayo
148,ben bentil
149,ben davis
150,ben gordon
151,ben handlogten
152,ben hansbrough
153,ben mclemore
154,ben moore
155,ben simmons
156,ben uzoh
157,ben wallace
158,beno udrih
159,benoit benjamin
160,bernard james
161,bill curley
162,bill wennington
163,billy garrett
164,billy owens
165,billy thomas
166,bimbo coles
167,bismack biyombo
168,bison dele
169,blake ahearn
170,blake griffin
171,blue edwards
172,bo outlaw
173,bob sura
174,boban marjanovic
175,bobby brown
176,bobby jones
177,bobby phills
178,bobby simmons
179,bogdan bogdanovic
180,bojan bogdanovic
181,bol bol
182,bones hyland
183,boniface n'dong
184,bonzi wells
185,bonzie colson
186,boris diaw
187,bostjan nachbar
188,bracey wright
189,brad lohaus
190,brad miller
191,brad wanamaker
192,bradley beal
193,brandan wright
194,branden dawson
195,brandin knight
196,brandon armstrong
197,brandon clarke
198,brandon davies
199,brandon goodwin
200,brandon ingram
201,brandon knight
202,brandon paul
203,brandon roy
204,brandon rush
205,brandon sampson
206,brandon williams
207,braxton key
208,brendan haywood
209,brent barry
210,brent price
211,brevin knight
212,brian bowen
213,brian cardinal
214,brian cook
215,brian evans
216,brian grant
217,brian roberts
218,brian scalabrine
219,brian shaw
220,brian skinner
221,brice johnson
222,britton johnsen
223,brook lopez
224,brooks thompson
225,bruce bowen
226,bruce brown
227,bruno fernando
228,bruno sundov
229,bryant reeves
230,bryant stith
231,bryce cotton
232,bryce dejean-jones
233,bryce drew
234,bryn forbes
235,bryon russell
236,bubba wells
237,buddy hield
238,byron mullens
239,c.j. miles
240,c.j. watson
241,c.j. wilcox
242,cade cunningham
243,cal bowdler
244,calbert cheaney
245,caleb swanigan
246,calvin booth
247,cam reddish
248,cam thomas
249,cameron mcgriff
250,cameron payne
251,caris levert
252,carl herrera
253,carl landry
254,carl thomas
255,carlik jones
256,carlos arroyo
257,carlos delfino
258,carlos rogers
259,carmelo anthony
260,caron butler
261,carrick felix
262,carsen edwards
263,casey jacobsen
264,cat barber
265,cedi osman
266,cedric bozeman
267,cedric ceballos
268,cedric henderson
269,cedric jackson
270,cedric simmons
271,cezary trybanski
272,chandler hutchison
273,channing frye
274,charles barkley
275,charles bassey
276,charles jenkins
277,charles jones
278,charles jones
279,charles o'bannon
280,charles oakley
281,charles shackleford
282,charles smith
283,charlie bell
284,charlie brown jr.
285,charlie villanueva
286,charlie ward
287,chase budinger
288,chaundee brown jr.
289,cheick diallo
290,cheikh samb
291,chinanu onuaku
292,chris anstey
293,chris babb
294,chris bosh
295,chris boucher
296,chris carr
297,chris childs
298,chris clemons
299,chris copeland
300,chris crawford
301,chris douglas-roberts
302,chris duarte
303,chris dudley
304,chris duhon
305,chris gatling
306,chris herren
307,chris hunter
308,chris jefferies
309,chris johnson
310,chris kaman
311,chris king
312,chris mccray
313,chris mccullough
314,chris mihm
315,chris morris
316,chris mullin
317,chris owens
318,chris quinn
319,chris richard
320,chris smith
321,chris taft
322,chris webber
323,chris whitney
324,chris wilcox
325,chris wright
326,chris wright
327,christian eyenga
328,christian laettner
329,christian wood
330,chuck hayes
331,chuck person
332,chucky atkins
333,chucky brown
334,chuma okeke
335,cj elleby
336,cj mccollum
337,clarence weatherspoon
338,cleanthony early
339,cliff alexander
340,clifford robinson
341,clifford rozier
342,clint capela
343,clyde drexler
344,cody martin
345,cole aldrich
346,cole anthony
347,collin sexton
348,corey beck
349,corey benjamin
350,corey brewer
351,corey kispert
352,corie blount
353,corsley edwards
354,cory alexander
355,cory jefferson
356,courtney alexander
357,courtney fortson
358,courtney sims
359,craig brackins
360,craig smith
361,cristiano felicio
362,curtis borchardt
363,cuttino mobley
364,d.j. augustin
365,d.j. kennedy
366,d.j. mbenga
367,d.j. stephens
368,d.j. white
369,d.j. wilson
370,daequan cook
371,dahntay jones
372,dairis bertans
373,daishen nix
374,dajuan summers
375,dajuan wagner
376,dakari johnson
377,dakota mathias
378,dale davis
379,dale ellis
380,dalibor bagaric
381,damian jones
382,damian lillard
383,damien inglis
384,damien wilkins
385,damion lee
386,damir markota
387,damjan rudez
388,damon jones
389,damon stoudamire
390,damyean dotson
391,dan dickau
392,dan gadzuric
393,dan langhi
394,dan majerle
395,dan mcclintock
396,dana barros
397,daniel ewing
398,daniel gafford
399,daniel gibson
400,daniel hamilton
401,daniel orton
402,daniel theis
403,danilo gallinari
404,danny ferry
405,danny granger
406,danny manning
407,danny schayes
408,dante cunningham
409,dante exum
410,danuel house jr.
411,daquan jeffries
412,dario saric
413,darius bazley
414,darius garland
415,darius johnson-odom
416,darius miles
417,darius miller
418,darius morris
419,darius songaila
420,darius washington
421,darko milicic
422,darnell jackson
423,darrell arthur
424,darren collison
425,darrun hilliard
426,darryl watkins
427,darvin ham
428,david andersen
429,david benoit
430,david harrison
431,david johnson
432,david lee
433,david nwaba
434,david stockton
435,david vanterpool
436,david vaughn
437,david wesley
438,david west
439,david wingate
440,davis bertans
441,davon reed
442,day'ron sharpe
443,de'aaron fox
444,de'andre hunter
445,de'anthony melton
446,dean garrett
447,dean oliver
448,dean wade
449,deandre ayton
450,deandre jordan
451,deandre liggins
452,deandre' bembry
453,dedric willoughby
454,dee brown
455,dee brown
456,deividas sirvydis
457,dejon jarreau
458,dejounte murray
459,dejuan blair
460,dejuan wheat
461,dell curry
462,delonte west
463,demar derozan
464,demarco johnson
465,demarcus cousins
466,demarcus nelson
467,demarre carroll
468,demetris nichols
469,demetrius jackson
470,deng adel
471,deng gai
472,deni avdija
473,dennis horner
474,dennis rodman
475,dennis smith jr.
476,deonte burton
477,derek anderson
478,derek fisher
479,derek grimm
480,derek harper
481,derek strong
482,dermarr johnson
483,deron williams
484,derrick brown
485,derrick byars
486,derrick caracter
487,derrick coleman
488,derrick dial
489,derrick favors
490,derrick jones jr.
491,derrick mckey
492,derrick rose
493,derrick white
494,derrick williams
495,derrick zimmerman
496,desagana diop
497,deshawn stevenson
498,desmond bane
499,desmond ferguson
500,desmond mason
501,desmond penigar
502,devaughn akoon-purcell
503,devean george
504,devin booker
505,devin brown
506,devin cannady
507,devin ebanks
508,devin gray
509,devin green
510,devin harris
511,devin robinson
512,devin vassell
513,devon dotson
514,devon hall
515,devontae cacok
516,devonte' graham
517,devyn marble
518,dewan hernandez
519,dewayne dedmon
520,dexter pittman
521,deyonta davis
522,diante garrett
523,dickey simpkins
524,dikembe mutombo
525,dillon brooks
526,dion glover
527,dion waiters
528,dionte christmas
529,dirk nowitzki
530,domantas sabonis
531,dominic mcguire
532,dominique jones
533,dominique wilkins
534,don maclean
535,don reid
536,donald royal
537,donald sloan
538,donald whiteside
539,donatas motiejunas
540,donell taylor
541,donnell harvey
542,donovan mitchell
543,donta smith
544,dontae' jones
545,donte divincenzo
546,donte greene
547,dontell jefferson
548,donyell marshall
549,dorell wright
550,doron lamb
551,doug christie
552,doug mcdermott
553,doug overton
554,dragan bender
555,draymond green
556,drew barry
557,drew eubanks
558,drew gordon
559,duane causwell
560,duane ferrell
561,duane washington jr.
562,duncan robinson
563,dusty hannahs
564,dwayne bacon
565,dwayne jones
566,dwayne schintzius
567,dwight buycks
568,dwight howard
569,dwight powell
570,dwyane wade
571,dylan windler
572,dzanan musa
573,e'twaun moore
574,earl barron
575,earl boykins
576,earl clark
577,ed davis
578,ed gray
579,ed stokes
580,eddie basden
581,eddie gill
582,eddie griffin
583,eddie johnson
584,eddie jones
585,eddie robinson
586,eddy curry
587,edmond sumner
588,eduardo najera
589,edwin ubiles
590,efthimios rentzias
591,ekpe udoh
592,elden campbell
593,eldridge recasner
594,elfrid payton
595,elias harris
596,elie okobo
597,elijah bryant
598,elijah hughes
599,elijah millsap
600,elliot perry
601,elliot williams
602,elton brand
603,emanual davis
604,emanuel terry
605,emeka okafor
606,emmanuel mudiay
607,enes freedom
608,eric bledsoe
609,eric dawson
610,eric maynor
611,eric mika
612,eric montross
613,eric moreland
614,eric murdock
615,eric paschall
616,eric piatkowski
617,eric riley
618,eric snow
619,eric washington
620,eric williams
621,erick barkley
622,erick dampier
623,erick green
624,erick strickland
625,erik daniels
626,erik mccree
627,erik murphy
628,ersan ilyasova
629,ervin johnson
630,esteban batista
631,eugene jeter
632,eugene omoruyi
633,evan eschmeyer
634,evan fournier
635,evan mobley
636,evan turner
637,fab melo
638,fabricio oberto
639,facundo campazzo
640,felipe lopez
641,felton spencer
642,festus ezeli
643,francisco garcia
644,frank kaminsky
645,frank mason iii
646,frank williams
647,franz wagner
648,fred hoiberg
649,fred jones
650,fred vinson
651,freddie gillespie
652,furkan aldemir
653,furkan korkmaz
654,gabe pruitt
655,gabe vincent
656,gabriel deck
657,gal mekel
658,gani lawal
659,garret siler
660,garrett temple
661,garrison mathews
662,garth joseph
663,gary clark
664,gary grant
665,gary harris
666,gary neal
667,gary payton ii
668,gary trent jr.
669,geno carlisle
670,george hill
671,george king
672,george lynch
673,george mccloud
674,george zidek
675,georges niang
676,georgios kalaitzakis
677,georgios papagiannis
678,gerald brown
679,gerald green
680,gerald henderson
681,gerald madkins
682,gerald wallace
683,gerald wilkins
684,gerard king
685,gheorghe muresan
686,gian clavell
687,giannis antetokounmpo
688,gigi datome
689,gilbert arenas
690,glen davis
691,glen rice
692,glen rice jr.
693,glenn robinson
694,glenn robinson iii
695,god shammgod
696,goga bitadze
697,goran dragic
698,gordan giricek
699,gordon hayward
700,gorgui dieng
701,grant hill
702,grant jerrett
703,grant long
704,grant riller
705,grant williams
706,grayson allen
707,greg anderson
708,greg brown iii
709,greg buckner
710,greg foster
711,greg graham
712,greg minor
713,greg oden
714,greg ostertag
715,greg smith
716,greg stiemsma
717,greg whittington
718,greivis vasquez
719,guerschon yabusele
720,guillermo diaz
721,gustavo ayon
722,guy rucker
723,ha seung-jin
724,hakeem olajuwon
725,hakim warrick
726,hamady n'diaye
727,hamed haddadi
728,hamidou diallo
729,hanno mottola
730,harold ellis
731,harold jamison
732,harrison barnes
733,harry giles
734,harvey grant
735,hasheem thabeet
736,hassan adams
737,hassan whiteside
738,haywood highsmith
739,haywoode workman
740,hedo turkoglu
741,henry james
742,henry sims
743,henry walker
744,herb williams
745,hersey hawkins
746,hilton armstrong
747,hiram fuller
748,hollis thompson
749,horace grant
750,horacio llamas
751,hot rod williams
752,hubert davis
753,ian clark
754,ibo kutluay
755,ignas brazdeikis
756,ike anigbogu
757,ike diogu
758,iman shumpert
759,ime udoka
760,ira bowman
761,ira newble
762,isaac austin
763,isaac bonga
764,isaac humphries
765,isaac okoro
766,isaiah briscoe
767,isaiah canaan
768,isaiah hartenstein
769,isaiah hicks
770,isaiah jackson
771,isaiah joe
772,isaiah livers
773,isaiah rider
774,isaiah roby
775,isaiah stewart
776,isaiah taylor
777,isaiah thomas
778,isaiah todd
779,isaiah whitehead
780,ish smith
781,ish wainright
782,ivan johnson
783,ivan mcfarlin
784,ivan rabb
785,ivano newbill
786,ivica zubac
787,j.j. hickson
788,j.j. o'brien
789,j.j. redick
790,j.p. macura
791,j.r. bremer
792,j.r. giddens
793,j.r. henderson
794,j.r. reid
795,j.r. smith
796,ja morant
797,jabari bird
798,jabari brown
799,jabari parker
800,jabari smith
801,jack cooley
802,jack haley
803,jackie butler
804,jackson vroman
805,jacob evans
806,jacob pullen
807,jacque vaughn
808,jaden mcdaniels
809,jaden springer
810,jae crowder
811,jae'sean tate
812,jahidi white
813,jahlil okafor
814,jahmi'us ramsey
815,jaime echenique
816,jajuan johnson
817,jakarr sampson
818,jake layman
819,jake voskuhl
820,jakob poeltl
821,jalen green
822,jalen johnson
823,jalen jones
824,jalen lecque
825,jalen mcdaniels
826,jalen rose
827,jalen smith
828,jalen suggs
829,jamaal franklin
830,jamaal magloire
831,jamaal tinsley
832,jamal crawford
833,jamal mashburn
834,jamal murray
835,jameel warney
836,jamel artis
837,james anderson
838,james augustine
839,james bouknight
840,james collins
841,james cotton
842,james ennis iii
843,james harden
844,james johnson
845,james michael mcadoo
846,james robinson
847,james singleton
848,james southerland
849,james thomas
850,james webb iii
851,james white
852,james wiseman
853,james young
854,jamie feick
855,jamie watson
856,jamil wilson
857,jamison brewer
858,jamorko pickett
859,jan vesely
860,jannero pargo
861,jaquori mclaughlin
862,jared butler
863,jared cunningham
864,jared dudley
865,jared harper
866,jared jeffries
867,jared reiner
868,jared sullinger
869,jared terrell
870,jarell eddie
871,jarell martin
872,jaren jackson
873,jaren jackson jr.
874,jarnell stokes
875,jaron blossomgame
876,jarrell brantley
877,jarrett allen
878,jarrett culver
879,jarrod uthoff
880,jarron collins
881,jarron cumberland
882,jarvis hayes
883,jarvis varnado
884,jason caffey
885,jason collier
886,jason collins
887,jason hart
888,jason kapono
889,jason kidd
890,jason lawson
891,jason miskiri
892,jason richardson
893,jason sasser
894,jason smith
895,jason terry
896,jason thompson
897,jason williams
898,javale mcgee
899,javaris crittenton
900,javin delaurier
901,javonte green
902,javonte smart
903,jawad williams
904,jawun evans
905,jaxson hayes
906,jay huff
907,jay scrubb
908,jay williams
909,jaylen adams
910,jaylen brown
911,jaylen hoard
912,jaylen morris
913,jaylen nowell
914,jaysean paige
915,jayson tatum
916,jayson williams
917,jeff adrien
918,jeff ayres
919,jeff dowtin
920,jeff foster
921,jeff grayer
922,jeff green
923,jeff hornacek
924,jeff mcinnis
925,jeff nordgaard
926,jeff taylor
927,jeff teague
928,jeff trepagnier
929,jeff withey
930,jelani mccoy
931,jerald honeycutt
932,jerel mcneal
933,jeremiah martin
934,jeremiah robinson-earl
935,jeremy evans
936,jeremy lin
937,jeremy pargo
938,jeremy tyler
939,jerian grant
940,jericho sims
941,jermaine jackson
942,jermaine o'neal
943,jermaine taylor
944,jermareo davidson
945,jerome beasley
946,jerome dyson
947,jerome james
948,jerome kersey
949,jerome moiso
950,jerome robinson
951,jerome williams
952,jerry smith
953,jerryd bayless
954,jeryl sasser
955,jevon carter
956,jim jackson
957,jimmer fredette
958,jimmy butler
959,jiri welsch
960,joakim noah
961,jock landale
962,jodie meeks
963,joe alexander
964,joe chealey
965,joe crawford
966,joe crispin
967,joe dumars
968,joe harris
969,joe johnson
970,joe kleine
971,joe smith
972,joe stephens
973,joe wieskamp
974,joe wolf
975,joel ayayi
976,joel bolomboy
977,joel embiid
978,joel przybilla
979,joey dorsey
980,joey graham
981,joffrey lauvergne
982,john amaechi
983,john celestand
984,john coker
985,john collins
986,john crotty
987,john henson
988,john holland
989,john jenkins
990,john konchar
991,john salley
992,john salmons
993,john starks
994,john thomas
995,john wall
996,john wallace
997,johnathan motley
998,johnathan williams
999,johnny newman
1000,johnny o'bryant
1001,johnny taylor
1002,jon barry
1003,jon teske
1004,jonah bolden
1005,jonas jerebko
1006,jonathan bender
1007,jonathan gibson
1008,jonathan isaac
1009,jonathan kerner
1010,jonathan kuminga
1011,jonathon simmons
1012,jonny flynn
1013,jontay porter
1014,jordan bone
1015,jordan clarkson
1016,jordan crawford
1017,jordan farmar
1018,jordan goodwin
1019,jordan hamilton
1020,jordan hill
1021,jordan loyd
1022,jordan mclaughlin
1023,jordan mickey
1024,jordan nwora
1025,jordan poole
1026,jordan schakel
1027,jordan sibert
1028,jordan williams
1029,jorge gutierrez
1030,jose alvarado
1031,jose calderon
1032,joseph forte
1033,josh boone
1034,josh childress
1035,josh christopher
1036,josh davis
1037,josh giddey
1038,josh gray
1039,josh green
1040,josh hall
1041,josh harrellson
1042,josh hart
1043,josh howard
1044,josh huestis
1045,josh jackson
1046,josh magette
1047,josh reaves
1048,josh richardson
1049,josh selby
1050,josh smith
1051,joshua primo
1052,jrue holiday
1053,jt thor
1054,juan carlos navarro
1055,juan toscano-anderson
1056,juaquin hawkins
1057,jud buechler
1058,julian washburn
1059,julian wright
1060,julius hodge
1061,julius randle
1062,julyan stone
1063,jumaine jones
1064,junior harrington
1065,justin anderson
1066,justin champagnie
1067,justin dentmon
1068,justin hamilton
1069,justin harper
1070,justin holiday
1071,justin jackson
1072,justin james
1073,justin patton
1074,justin reed
1075,justin robinson
1076,justin williams
1077,justin wright-foreman
1078,justise winslow
1079,jusuf nurkic
1080,juwan howard
1081,juwan morgan
1082,kadeem allen
1083,kalin lucas
1084,kaniel dickens
1085,kareem rush
1086,karim mane
1087,karl malone
1088,kasib powell
1089,kawhi leonard
1090,kebu stewart
1091,kedrick brown
1092,keifer sykes
1093,keita bates-diop
1094,keith appling
1095,keith askins
1096,keith benson
1097,keith bogans
1098,keith closs
1099,keith langford
1100,keith van horn
1101,kelan martin
1102,keldon johnson
1103,kelenna azubuike
1104,keljin blevins
1105,kelly mccarty
1106,kelly olynyk
1107,kelly oubre jr.
1108,kelvin cato
1109,kemba walker
1110,ken johnson
1111,kendall gill
1112,kendall marshall
1113,kendrick nunn
1114,kenny thomas
1115,kenrich williams
1116,kent bazemore
1117,kentavious caldwell-pope
1118,kenyon martin jr.
1119,keon clark
1120,keon johnson
1121,kerry kittles
1122,kessler edwards
1123,kevin burleson
1124,kevin durant
1125,kevin edwards
1126,kevin garnett
1127,kevin hervey
1128,kevin jones
1129,kevin knox
1130,kevin love
1131,kevin martin
1132,kevin murphy
1133,kevin pangos
1134,kevin porter jr.
1135,kevin salvadori
1136,kevin seraphin
1137,kevinn pinkney
1138,kevon looney
1139,keyon dooling
1140,khalid reeves
1141,khem birch
1142,khris middleton
1143,killian hayes
1144,killian tillie
1145,kim english
1146,kira lewis jr.
1147,kirk haston
1148,kirk hinrich
1149,kirk penney
1150,kirk snyder
1151,kiwane lemorris garris
1152,klay thompson
1153,kobi simmons
1154,korleone young
1155,kosta koufos
1156,kosta perovic
1157,kostas antetokounmpo
1158,kostas papanikolaou
1159,kris dunn
1160,kris joseph
1161,kristaps porzingis
1162,kurt thomas
1163,kwame brown
1164,ky bowman
1165,kyle alexander
1166,kyle anderson
1167,kyle collinsworth
1168,kyle guy
1169,kyle korver
1170,kyle kuzma
1171,kyle lowry
1172,kyle o'quinn
1173,kyle singler
1174,kyle weaver
1175,kyle wiltjer
1176,kyrylo fesenko
1177,lamar odom
1178,lamar patterson
1179,lamar stevens
1180,lamarcus aldridge
1181,lamelo ball
1182,lamond murray
1183,lance allred
1184,lance thomas
1185,landry shamet
1186,langston galloway
1187,lari ketner
1188,laron profit
1189,larry drew ii
1190,larry hughes
1191,larry johnson
1192,larry nance jr.
1193,larry owens
1194,larry robinson
1195,larry sanders
1196,latrell sprewell
1197,lauri markkanen
1198,lavor postell
1199,lavoy allen
1200,lawrence funderburke
1201,lawrence moten
1202,lawrence roberts
1203,lazar hayward
1204,lazaro borrell
1205,leandro barbosa
1206,leandro bolmaro
1207,ledell eackles
1208,lee mayberry
1209,lee nailon
1210,leon powe
1211,leon smith
1212,lester hudson
1213,lindell wigginton
1214,lindsey hunter
1215,lindy waters iii
1216,linton johnson
1217,lionel chalmers
1218,litterial green
1219,lloyd daniels
1220,lonnie walker iv
1221,lonny baxter
1222,lonzo ball
1223,loren meyer
1224,loren woods
1225,lorenzen wright
1226,lorenzo brown
1227,lorenzo williams
1228,lou amundson
1229,lou williams
1230,louis king
1231,loy vaught
1232,luc longley
1233,luc mbah a moute
1234,lucas nogueira
1235,lucious harris
1236,luguentz dort
1237,luis flores
1238,luis montero
1239,luis scola
1240,luka doncic
1241,luka garza
1242,luka samanic
1243,luke harangody
1244,luke jackson
1245,luke kennard
1246,luke kornet
1247,luke ridnour
1248,luke schenscher
1249,luke walton
1250,luke zeller
1251,luol deng
1252,luther head
1253,lynn greer
1254,m.j. walker
1255,maalik wayns
1256,mac mcclung
1257,maceo baston
1258,mahmoud abdul-rauf
1259,makhtar n'diaye
1260,malachi flynn
1261,malachi richardson
1262,malcolm brogdon
1263,malcolm delaney
1264,malcolm hill
1265,malcolm lee
1266,malcolm miller
1267,malcolm thomas
1268,malik allen
1269,malik beasley
1270,malik fitts
1271,malik hairston
1272,malik monk
1273,malik rose
1274,mangok mathiang
1275,manny harris
1276,marc gasol
1277,marc jackson
1278,marcelo huertas
1279,marcin gortat
1280,marco belinelli
1281,marcus banks
1282,marcus camby
1283,marcus cousin
1284,marcus derrickson
1285,marcus fizer
1286,marcus garrett
1287,marcus georges-hunt
1288,marcus haislip
1289,marcus paige
1290,marcus smart
1291,marcus thornton
1292,marcus vinicius
1293,marcus williams
1294,marcus williams
1295,mardy collins
1296,marial shayok
1297,mario bennett
1298,mario chalmers
1299,mario elie
1300,mario kasun
1301,mark baker
1302,mark bryant
1303,mark davis
1304,mark hendrickson
1305,mark jackson
1306,mark jones
1307,mark macon
1308,mark madsen
1309,mark pope
1310,mark price
1311,mark strickland
1312,mark west
1313,markel brown
1314,markelle fultz
1315,markieff morris
1316,marko guduric
1317,marko jaric
1318,marko milic
1319,marko simonovic
1320,markus howard
1321,marlon garnett
1322,marques bolden
1323,marquese chriss
1324,marquis daniels
1325,marquis teague
1326,marreese speights
1327,marshall plumlee
1328,marshon brooks
1329,martell webster
1330,marty conlon
1331,martynas andriuskevicius
1332,marvin bagley iii
1333,marvin williams
1334,mason jones
1335,mason plumlee
1336,mateen cleaves
1337,matisse thybulle
1338,matt barnes
1339,matt bonner
1340,matt bullard
1341,matt carroll
1342,matt freije
1343,matt geiger
1344,matt harpring
1345,matt maloney
1346,matt thomas
1347,matt walsh
1348,matt williams
1349,matthew dellavedova
1350,maurice ager
1351,maurice baker
1352,maurice carter
1353,maurice evans
1354,maurice harkless
1355,maurice taylor
1356,max strus
1357,maxi kleber
1358,mckinley wright iv
1359,melvin ely
1360,metta world peace
1361,meyers leonard
1362,mfiondu kabengele
1363,micah potter
1364,michael beasley
1365,michael bradley
1366,michael cage
1367,michael carter-williams
1368,michael curry
1369,michael dickerson
1370,michael gbinije
1371,michael kidd-gilchrist
1372,michael mcdonald
1373,michael olowokandi
1374,michael porter jr.
1375,michael redd
1376,michael ruffin
1377,michael smith
1378,michael stewart
1379,micheal williams
1380,mickael gelabale
1381,mickell gladness
1382,mike batiste
1383,mike bibby
1384,mike dunleavy
1385,mike hall
1386,mike james
1387,mike miller
1388,mike muscala
1389,mike scott
1390,mike sweetney
1391,mike taylor
1392,mike tobey
1393,mike wilks
1394,mikki moore
1395,miles mcbride
1396,miles plumlee
1397,miles simon
1398,milos teodosic
1399,milt palacio
1400,milton doyle
1401,mindaugas kuzminskas
1402,miroslav raduljica
1403,mirza teletovic
1404,mitch creek
1405,mitch mcgary
1406,mitch richmond
1407,mitchell butler
1408,mitchell robinson
1409,miye oni
1410,mo bamba
1411,mo williams
1412,monta ellis
1413,monte morris
1414,montrezl harrell
1415,monty williams
1416,moochie norris
1417,moritz wagner
1418,morris almond
1419,morris peterson
1420,moses brown
1421,moses moody
1422,moses wright
1423,mouhamed sene
1424,muggsy bogues
1425,mustafa shakur
1426,mychal mulder
1427,mychel thompson
1428,myke henry
1429,myles powell
1430,myles turner
1431,nate hinton
1432,nate huffman
1433,nate mcmillan
1434,nate robinson
1435,nate wolters
1436,nathan jawai
1437,nathan knight
1438,naz mitrou-long
1439,nazr mohammed
1440,ndudi ebi
1441,neemias queta
1442,negele knight
1443,nemanja bjelica
1444,nemanja nedovic
1445,nene
1446,nerlens noel
1447,nic claxton
1448,nick anderson
1449,nick calathes
1450,nick collison
1451,nick fazekas
1452,nick richards
1453,nick van exel
1454,nick young
1455,nickeil alexander-walker
1456,nico mannion
1457,nicolas brussino
1458,nicolo melli
1459,nigel hayes
1460,nigel williams-goss
1461,nikola jokic
1462,nikola mirotic
1463,nikola pekovic
1464,nikola vucevic
1465,nikoloz tskitishvili
1466,noel felix
1467,nolan smith
1468,norm richardson
1469,norris cole
1470,norvel pelle
1471,o.j. mayo
1472,obi toppin
1473,obinna ekezie
1474,ognjen kuzmic
1475,okaro white
1476,olden polynice
1477,oleksiy pecherov
1478,oliver miller
1479,olumide oyedeji
1480,omar cook
1481,omari spellman
1482,omer asik
1483,omer yurtseven
1484,omri casspi
1485,onyeka okongwu
1486,orien greene
1487,orlando johnson
1488,oscar torres
1489,oshae brissett
1490,othella harrington
1491,othello hunter
1492,othyus jeffers
1493,otis thorpe
1494,otto porter jr.
1495,p.j. brown
1496,p.j. hairston
1497,p.j. tucker
1498,p.j. washington
1499,pablo prigioni
1500,pape sow
1501,pape sy
1502,pascal siakam
1503,pat burke
1504,pat connaughton
1505,pat garrity
1506,patricio garino
1507,patrick christopher
1508,patrick ewing
1509,patrick mccaw
1510,patrick williams
1511,pau gasol
1512,paul davis
1513,paul george
1514,paul mcpherson
1515,paul millsap
1516,paul pierce
1517,paul reed
1518,paul shirley
1519,paul watson
1520,paul zipser
1521,pavel podkolzin
1522,peja stojakovic
1523,pepe sanchez
1524,pero antic
1525,perry jones
1526,pervis ellison
1527,pete chilcutt
1528,pete myers
1529,peter aluma
1530,peter john ramos
1531,phil pressey
1532,pierre jackson
1533,pj dozier
1534,pooh richardson
1535,popeye jones
1536,pops mensah-bonsu
1537,precious achiuwa
1538,predrag drobnjak
1539,priest lauderdale
1540,quentin grimes
1541,quincy acy
1542,quincy douby
1543,quincy lewis
1544,quincy miller
1545,quincy pondexter
1546,quinn cook
1547,quinndary weatherspoon
1548,quinton ross
1549,r.j. hunter
1550,raef lafrentz
1551,rafer alston
1552,raja bell
1553,rajon rondo
1554,ramon sessions
1555,randell jackson
1556,randolph morris
1557,randy brown
1558,randy foye
1559,randy holcomb
1560,rashad mccants
1561,rashard lewis
1562,rasheed wallace
1563,rasho nesterovic
1564,rasual butler
1565,ratko varda
1566,raul lopez
1567,raul neto
1568,rawle alkins
1569,rawle marshall
1570,ray allen
1571,ray mccallum
1572,ray spalding
1573,rayjon tucker
1574,raymond felton
1575,reece gaines
1576,reggie bullock
1577,reggie evans
1578,reggie geary
1579,reggie hanson
1580,reggie jackson
1581,reggie miller
1582,reggie perry
1583,reggie slater
1584,reggie williams
1585,renaldo balkman
1586,renaldo major
1587,rex chapman
1588,rex walters
1589,richard hamilton
1590,richard jefferson
1591,richie frahm
1592,rick fox
1593,rick hughes
1594,rick mahorn
1595,ricky davis
1596,ricky pierce
1597,ricky rubio
1598,rik smits
1599,rj barrett
1600,rj nembhard jr.
1601,rob edwards
1602,robbie hummel
1603,robert covington
1604,robert franks
1605,robert hite
1606,robert horry
1607,robert pack
1608,robert sacre
1609,robert swift
1610,robert traylor
1611,robert whaley
1612,robert williams
1613,robert woodard ii
1614,rod strickland
1615,rodions kurucs
1616,rodney buford
1617,rodney hood
1618,rodney mcgruder
1619,rodney purvis
1620,rodney rogers
1621,rodney stuckey
1622,rodney white
1623,rodrick rhodes
1624,rodrigue beaubois
1625,roger powell
1626,roko ukic
1627,romeo langford
1628,ron baker
1629,ron harper
1630,ron mercer
1631,ronald dupree
1632,ronnie brewer
1633,ronnie price
1634,ronny turiaf
1635,rony seikaly
1636,roshown mcleod
1637,roy hibbert
1638,royal ivey
1639,royce o'neale
1640,royce white
1641,ruben garces
1642,ruben patterson
1643,ruben wolkowyski
1644,rudy gay
1645,rudy gobert
1646,rui hachimura
1647,russ smith
1648,russell westbrook
1649,rusty larue
1650,ryan anderson
1651,ryan arcidiacono
1652,ryan bowen
1653,ryan broekhoff
1654,ryan gomes
1655,ryan hollins
1656,ryan humphrey
1657,ryan kelly
1658,ryan reid
1659,ryan robertson
1660,ryan stack
1661,saben lee
1662,saddiq bey
1663,salah mejri
1664,salim stoudamire
1665,sam cassell
1666,sam dekker
1667,sam hauser
1668,sam jacobson
1669,sam mack
1670,sam merrill
1671,sam mitchell
1672,sam perkins
1673,sam young
1674,samaki walker
1675,samardo samuels
1676,samuel dalembert
1677,sandro mamukelashvili
1678,sarunas jasikevicius
1679,sasha kaun
1680,sasha pavlovic
1681,sasha vujacic
1682,scot pollard
1683,scott brooks
1684,scott burrell
1685,scott machado
1686,scott padgett
1687,scott williams
1688,scottie lewis
1689,scottie pippen
1690,scotty hopson
1691,sean colson
1692,sean elliott
1693,sean higgins
1694,sean kilpatrick
1695,sean lampley
1696,sean marks
1697,sean may
1698,sean mcdermott
1699,sean rooks
1700,sebastian telfair
1701,sekou doumbouya
1702,semaj christon
1703,semi ojeleye
1704,semih erden
1705,sergei monia
1706,sergey karasev
1707,sergio rodriguez
1708,seth curry
1709,shabazz muhammad
1710,shabazz napier
1711,shai gilgeous-alexander
1712,shake milton
1713,shamorie ponds
1714,shandon anderson
1715,shane battier
1716,shane edwards
1717,shane heal
1718,shane larkin
1719,shannon brown
1720,shaq buchanan
1721,shaquille harrison
1722,shareef abdur-rahim
1723,sharife cooper
1724,sharone wright
1725,sharrod ford
1726,shaun livingston
1727,shawn bradley
1728,shawn kemp
1729,shawn marion
1730,shawn respert
1731,shawne williams
1732,shawnelle scott
1733,shayne whittington
1734,shea seals
1735,shelden williams
1736,sheldon mac
1737,shelvin mack
1738,sherman douglas
1739,sherron collins
1740,sim bhullar
1741,sindarius thornwell
1742,skal labissiere
1743,skylar mays
1744,slavko vranes
1745,smush parker
1746,solomon alabi
1747,solomon hill
1748,solomon jones
1749,sonny weems
1750,soumaila samake
1751,speedy claxton
1752,spencer dinwiddie
1753,spencer hawes
1754,stacey augmon
1755,stanley roberts
1756,stanton kidd
1757,stephane lasme
1758,stephen graham
1759,stephen jackson
1760,stephen zimmerman
1761,stephon marbury
1762,sterling brown
1763,steve blake
1764,steve francis
1765,steve goodrich
1766,steve henson
1767,steve novak
1768,steve smith
1769,steven hill
1770,steven hunter
1771,steven smith
1772,stojko vrankovic
1773,stromile swift
1774,sun yue
1775,svi mykhailiuk
1776,t.j. ford
1777,t.j. leaf
1778,t.j. mcconnell
1779,t.j. warren
1780,tacko fall
1781,tahjere mccall
1782,taj gibson
1783,tamar slay
1784,tang hamilton
1785,tarence kinsey
1786,tariq abdul-wahad
1787,tariq owens
1788,taurean green
1789,taurean prince
1790,taylor griffin
1791,terance mann
1792,terence davis
1793,terence morris
1794,terrance ferguson
1795,terrance roberson
1796,terrel harris
1797,terrell brandon
1798,terrence jones
1799,terrence ross
1800,terrence williams
1801,terry cummings
1802,terry davis
1803,terry dehere
1804,terry mills
1805,terry porter
1806,terry rozier
1807,terry taylor
1808,thabo sefolosha
1809,thaddeus young
1810,thanasis antetokounmpo
1811,theo maledon
1812,theo pinson
1813,theo ratliff
1814,thomas bryant
1815,thomas gardner
1816,thomas hamilton
1817,thomas robinson
1818,thomas welsh
1819,thon maker
1820,thurl bailey
1821,tibor pleiss
1822,tierre brown
1823,tim duncan
1824,tim frazier
1825,tim hardaway
1826,tim hardaway jr.
1827,tim kempton
1828,tim quarterman
1829,tim young
1830,timofey mozgov
1831,tito maddox
1832,toby bailey
1833,todd day
1834,todd fuller
1835,tom chambers
1836,tom gugliotta
1837,tom hammonds
1838,tomas satoransky
1839,toney douglas
1840,toni kukoc
1841,tony allen
1842,tony battie
1843,tony bobbitt
1844,tony dumas
1845,tony farmer
1846,tony massenburg
1847,tony mitchell
1848,tony mitchell
1849,tony parker
1850,tony snell
1851,tornike shengelia
1852,torraye braggs
1853,torrey craig
1854,toure' murry
1855,tracy mcgrady
1856,tracy murray
1857,trae young
1858,trajan langdon
1859,travis best
1860,travis hansen
1861,travis knight
1862,travis outlaw
1863,travis williams
1864,tre jones
1865,tre mann
1866,tre scott
1867,tremaine fowlkes
1868,tremont waters
1869,trendon watford
1870,trent forrest
1871,trenton hassell
1872,trevelin queen
1873,treveon graham
1874,trevon duval
1875,trevor ariza
1876,trevor booker
1877,trey burke
1878,trey gilder
1879,trey johnson
1880,trey murphy iii
1881,trey thompkins
1882,tristan thompson
1883,troy bell
1884,troy brown jr.
1885,troy daniels
1886,troy murphy
1887,troy williams
1888,ty jerome
1889,ty-shon alexander
1890,tyler bey
1891,tyler cavanaugh
1892,tyler davis
1893,tyler ennis
1894,tyler hall
1895,tyler hansbrough
1896,tyler honeycutt
1897,tyler johnson
1898,tyler lydon
1899,tyler ulis
1900,tyrell terry
1901,tyrese haliburton
1902,tyrese maxey
1903,tyrone corbin
1904,tyrone nesby
1905,tyrone wallace
1906,tyronn lue
1907,tyrus thomas
1908,tyshawn taylor
1909,tyson chandler
1910,tyson wheeler
1911,tyus jones
1912,uros slokar
1913,usman garuba
1914,vander blue
1915,vassilis spanoulis
1916,vernon carey jr.
1917,vernon macklin
1918,vernon maxwell
1919,viacheslav kravtsov
1920,vic law
1921,victor alexander
1922,victor claver
1923,victor oladipo
1924,vin baker
1925,vince carter
1926,vince edwards
1927,vincent askew
1928,vincent poirier
1929,vincent yarbrough
1930,vinny del negro
1931,vit krejci
1932,vitaly potapenko
1933,vitor luiz faverani
1934,vlade divac
1935,vladimir radmanovic
1936,vonteego cummings
1937,voshon lenard
1938,wade baldwin
1939,walker russell
1940,wally szczerbiak
1941,walt lemon jr.
1942,walter herrmann
1943,walter mccarty
1944,walter sharpe
1945,wang zhizhi
1946,wayne ellington
1947,wayne selden
1948,wayne simien
1949,wayne turner
1950,wendell carter jr.
1951,wenyen gabriel
1952,wes iwundu
1953,wesley matthews
1954,wesley person
1955,will blalock
1956,will cherry
1957,will conroy
1958,will magnay
1959,will solomon
1960,william avery
1961,william howard
1962,willie burton
1963,willie cauley-stein
1964,willie green
1965,willie reed
1966,willie warren
1967,willy hernangomez
1968,wilson chandler
1969,xavier henry
1970,xavier moon
1971,xavier munford
1972,xavier rathan-mayes
1973,xavier silas
1974,xavier sneed
1975,xavier tillman sr.
1976,yakhouba diawara
1977,yante maten
1978,yao ming
1979,yaroslav korolev
1980,yi jianlian
1981,yinka dare
1982,yogi ferrell
1983,yuta watanabe
1984,yves pons
1985,zabian dowdell
1986,zach collins
1987,zach lavine
1988,zach randolph
1989,zan tabak
1990,zarko cabarkapa
1991,zaza pachulia
1992,zendon hamilton
1993,zhaire smith
1994,zhou qi
1995,zion williamson
1996,zoran dragic
1997,zoran planinic
1998,zydrunas ilgauskas
1999,zylan cheatham
